image_pair,ssim
test_video_001_frame_000000.jpg vs test_video_002_frame_000000.jpg,0.4523449882681785
test_video_002_frame_000000.jpg vs test_video_002_frame_000132.jpg,0.5879736521158746
test_video_002_frame_000132.jpg vs test_video_002_frame_000394.jpg,0.6213195485856307
test_video_002_frame_000394.jpg vs test_video_002_frame_000648.jpg,0.561716658488327
test_video_002_frame_000648.jpg vs test_video_002_frame_000719.jpg,0.573667627477917
test_video_002_frame_000719.jpg vs test_video_002_frame_000724.jpg,0.5988205044675203
test_video_002_frame_000724.jpg vs test_video_002_frame_000729.jpg,0.6077010733009656
test_video_002_frame_000729.jpg vs test_video_002_frame_000871.jpg,0.5190100175349956
test_video_002_frame_000871.jpg vs test_video_002_frame_001033.jpg,0.4910486381915182
test_video_002_frame_001033.jpg vs test_video_002_frame_001108.jpg,0.480037364998145
test_video_002_frame_001108.jpg vs test_video_002_frame_001111.jpg,0.601555360320557
test_video_002_frame_001111.jpg vs test_video_002_frame_001323.jpg,0.6591035241484422
test_video_002_frame_001323.jpg vs test_video_002_frame_001554.jpg,0.651391806845011
test_video_002_frame_001554.jpg vs test_video_002_frame_001613.jpg,0.6790476746167807
test_video_002_frame_001613.jpg vs test_video_002_frame_001652.jpg,0.6788833409900449
test_video_002_frame_001652.jpg vs test_video_002_frame_001984.jpg,0.6139702894489225
test_video_002_frame_001984.jpg vs test_video_002_frame_002238.jpg,0.653386331742704
test_video_002_frame_002238.jpg vs test_video_002_frame_002611.jpg,0.6194887930211618
test_video_002_frame_002611.jpg vs test_video_002_frame_003063.jpg,0.5931506871579051
test_video_002_frame_003063.jpg vs test_video_002_frame_003189.jpg,0.6854609857344773
test_video_002_frame_003189.jpg vs test_video_002_frame_003405.jpg,0.6640848739067509
test_video_002_frame_003405.jpg vs test_video_002_frame_003509.jpg,0.7616773815713352
test_video_002_frame_003509.jpg vs test_video_002_frame_003658.jpg,0.7728368996884849
test_video_002_frame_003658.jpg vs test_video_002_frame_003721.jpg,0.7878686351069599
test_video_002_frame_003721.jpg vs test_video_002_frame_003765.jpg,0.7909351567639388
test_video_002_frame_003765.jpg vs test_video_002_frame_003822.jpg,0.7827274311056718
test_video_002_frame_003822.jpg vs test_video_002_frame_003854.jpg,0.7985647344910723
test_video_002_frame_003854.jpg vs test_video_002_frame_003884.jpg,0.8109669473797707
test_video_002_frame_003884.jpg vs test_video_002_frame_003908.jpg,0.8381745290913498
test_video_002_frame_003908.jpg vs test_video_002_frame_003928.jpg,0.8507386898258182
test_video_002_frame_003928.jpg vs test_video_002_frame_003966.jpg,0.8525297928877243
test_video_002_frame_003966.jpg vs test_video_002_frame_003981.jpg,0.893869965899764
test_video_002_frame_003981.jpg vs test_video_002_frame_004001.jpg,0.917938277203157
test_video_002_frame_004001.jpg vs test_video_002_frame_004028.jpg,0.943179765946287
test_video_002_frame_004028.jpg vs test_video_002_frame_004046.jpg,0.9563218690333115
test_video_002_frame_004046.jpg vs test_video_002_frame_004103.jpg,0.9253559607577254
test_video_002_frame_004103.jpg vs test_video_003_frame_000000.jpg,0.31521485129669125
test_video_003_frame_000000.jpg vs test_video_003_frame_000081.jpg,0.28055880539387623
test_video_003_frame_000081.jpg vs test_video_003_frame_000096.jpg,0.30494654130257115
test_video_003_frame_000096.jpg vs test_video_003_frame_000219.jpg,0.35113759797837735
test_video_003_frame_000219.jpg vs test_video_003_frame_000385.jpg,0.4173067890821055
test_video_003_frame_000385.jpg vs test_video_003_frame_000413.jpg,0.3132178172593311
test_video_003_frame_000413.jpg vs test_video_003_frame_000509.jpg,0.27025700580384265
test_video_003_frame_000509.jpg vs test_video_003_frame_000540.jpg,0.29436124582028933
test_video_003_frame_000540.jpg vs test_video_003_frame_000566.jpg,0.19252453066998315
test_video_003_frame_000566.jpg vs test_video_003_frame_000706.jpg,0.18793339178922777
test_video_003_frame_000706.jpg vs test_video_003_frame_000736.jpg,0.1897846974449768
test_video_003_frame_000736.jpg vs test_video_003_frame_000819.jpg,0.25021634417208405
test_video_003_frame_000819.jpg vs test_video_003_frame_000854.jpg,0.25376070733912537
test_video_003_frame_000854.jpg vs test_video_003_frame_000918.jpg,0.3597290264466687
test_video_003_frame_000918.jpg vs test_video_003_frame_000931.jpg,0.3131822335239203
test_video_003_frame_000931.jpg vs test_video_004_frame_000000.jpg,0.2283510103864889
test_video_004_frame_000000.jpg vs test_video_005_frame_000042.jpg,0.47254547699794386
test_video_005_frame_000042.jpg vs train_video_001_frame_000000.jpg,0.22512328963616227
train_video_001_frame_000000.jpg vs train_video_002_frame_000005.jpg,0.3608478168534481
train_video_002_frame_000005.jpg vs train_video_002_frame_000298.jpg,0.5007893703971882
train_video_002_frame_000298.jpg vs train_video_002_frame_000405.jpg,0.5481255271252776
train_video_002_frame_000405.jpg vs train_video_002_frame_000540.jpg,0.5582202694389109
train_video_002_frame_000540.jpg vs train_video_003_frame_000000.jpg,0.26840851913237085
train_video_003_frame_000000.jpg vs train_video_003_frame_000077.jpg,0.22519928565358793
train_video_003_frame_000077.jpg vs train_video_003_frame_000157.jpg,0.21777423785447445
train_video_003_frame_000157.jpg vs train_video_003_frame_000348.jpg,0.17894183109146558
train_video_003_frame_000348.jpg vs train_video_003_frame_000416.jpg,0.24611531019233576
train_video_003_frame_000416.jpg vs train_video_003_frame_000507.jpg,0.22127586977928085
train_video_003_frame_000507.jpg vs train_video_003_frame_000608.jpg,0.23998173938871584
train_video_003_frame_000608.jpg vs train_video_003_frame_000651.jpg,0.3056906559893401
train_video_003_frame_000651.jpg vs train_video_003_frame_000715.jpg,0.44824398331601906
train_video_003_frame_000715.jpg vs train_video_003_frame_000757.jpg,0.4539721056054281
train_video_003_frame_000757.jpg vs train_video_003_frame_000808.jpg,0.34783048285921375
train_video_003_frame_000808.jpg vs train_video_003_frame_000870.jpg,0.27354895735688256
train_video_003_frame_000870.jpg vs train_video_003_frame_000907.jpg,0.27640740954383775
train_video_003_frame_000907.jpg vs train_video_003_frame_000943.jpg,0.26780136158087586
train_video_003_frame_000943.jpg vs train_video_003_frame_000972.jpg,0.26899578320655687
train_video_003_frame_000972.jpg vs train_video_003_frame_001008.jpg,0.24503768872185372
train_video_003_frame_001008.jpg vs train_video_003_frame_001064.jpg,0.17401298326803893
train_video_003_frame_001064.jpg vs train_video_003_frame_001133.jpg,0.16007632138882724
train_video_003_frame_001133.jpg vs train_video_003_frame_001187.jpg,0.1939779377361094
train_video_003_frame_001187.jpg vs train_video_003_frame_001275.jpg,0.16983229555748885
train_video_003_frame_001275.jpg vs train_video_003_frame_001327.jpg,0.1984645564350214
train_video_003_frame_001327.jpg vs train_video_003_frame_001385.jpg,0.19073546841268066
train_video_003_frame_001385.jpg vs train_video_003_frame_001496.jpg,0.17525942962292965
train_video_003_frame_001496.jpg vs train_video_003_frame_001563.jpg,0.1774365560516329
train_video_003_frame_001563.jpg vs train_video_003_frame_002054.jpg,0.19460865342593078
train_video_003_frame_002054.jpg vs train_video_003_frame_002353.jpg,0.18870187033364258
train_video_003_frame_002353.jpg vs train_video_003_frame_002446.jpg,0.15841473004275053
train_video_003_frame_002446.jpg vs train_video_003_frame_002522.jpg,0.12310560540834004
train_video_003_frame_002522.jpg vs train_video_003_frame_002577.jpg,0.09758915327133537
train_video_003_frame_002577.jpg vs train_video_003_frame_003259.jpg,0.10700951158361419
train_video_003_frame_003259.jpg vs train_video_003_frame_003641.jpg,0.17346602652459406
train_video_003_frame_003641.jpg vs train_video_003_frame_003736.jpg,0.22652821700632703
train_video_003_frame_003736.jpg vs train_video_003_frame_003830.jpg,0.2283903657713837
train_video_003_frame_003830.jpg vs train_video_003_frame_003917.jpg,0.2679820767605688
train_video_003_frame_003917.jpg vs train_video_003_frame_003964.jpg,0.34631366175664224
train_video_003_frame_003964.jpg vs train_video_003_frame_004054.jpg,0.37141480892239914
train_video_003_frame_004054.jpg vs train_video_003_frame_004162.jpg,0.35683163774903903
train_video_003_frame_004162.jpg vs train_video_003_frame_004290.jpg,0.42501674882201324
train_video_003_frame_004290.jpg vs train_video_003_frame_004333.jpg,0.6852942793324279
train_video_003_frame_004333.jpg vs train_video_003_frame_004438.jpg,0.749067156672946
train_video_003_frame_004438.jpg vs train_video_003_frame_004586.jpg,0.719697690516323
train_video_003_frame_004586.jpg vs train_video_003_frame_004785.jpg,0.6720545969416123
train_video_003_frame_004785.jpg vs train_video_003_frame_004867.jpg,0.654667835152696
train_video_003_frame_004867.jpg vs train_video_003_frame_004977.jpg,0.6715524179278879
train_video_003_frame_004977.jpg vs train_video_003_frame_005083.jpg,0.6664085049561567
train_video_003_frame_005083.jpg vs train_video_003_frame_005132.jpg,0.7143169235619872
train_video_003_frame_005132.jpg vs train_video_003_frame_005252.jpg,0.7317487682493994
train_video_003_frame_005252.jpg vs train_video_003_frame_005322.jpg,0.8024364319279219
train_video_003_frame_005322.jpg vs train_video_003_frame_005382.jpg,0.8256421453899698
train_video_003_frame_005382.jpg vs train_video_003_frame_005460.jpg,0.7943610743072991
train_video_003_frame_005460.jpg vs train_video_003_frame_005619.jpg,0.5695018726362813
train_video_003_frame_005619.jpg vs train_video_003_frame_005767.jpg,0.25014610382489955
train_video_003_frame_005767.jpg vs train_video_003_frame_005841.jpg,0.1867889053145949
train_video_003_frame_005841.jpg vs train_video_003_frame_006024.jpg,0.18241793754712218
train_video_003_frame_006024.jpg vs train_video_003_frame_006107.jpg,0.20913167498612953
train_video_003_frame_006107.jpg vs train_video_003_frame_006280.jpg,0.1764911496187828
train_video_003_frame_006280.jpg vs train_video_003_frame_006592.jpg,0.16974246580909427
train_video_003_frame_006592.jpg vs train_video_003_frame_006646.jpg,0.1587856659395319
train_video_003_frame_006646.jpg vs train_video_003_frame_006883.jpg,0.16268859571625063
train_video_003_frame_006883.jpg vs train_video_003_frame_007381.jpg,0.1758739556123437
train_video_003_frame_007381.jpg vs train_video_003_frame_007386.jpg,0.19494272716340025
train_video_003_frame_007386.jpg vs train_video_003_frame_007390.jpg,0.19892169335283372
train_video_003_frame_007390.jpg vs train_video_003_frame_007396.jpg,0.17041098477429786
train_video_003_frame_007396.jpg vs train_video_003_frame_007399.jpg,0.18535938213525582
train_video_003_frame_007399.jpg vs train_video_003_frame_007403.jpg,0.1692777547933175
train_video_003_frame_007403.jpg vs train_video_003_frame_007412.jpg,0.13413613948087172
train_video_003_frame_007412.jpg vs train_video_003_frame_007416.jpg,0.11653146994331362
train_video_003_frame_007416.jpg vs train_video_003_frame_007420.jpg,0.10251534488170631
train_video_003_frame_007420.jpg vs train_video_003_frame_007429.jpg,0.08156428379546662
train_video_003_frame_007429.jpg vs train_video_003_frame_007437.jpg,0.08468993924648495
train_video_003_frame_007437.jpg vs train_video_003_frame_007514.jpg,0.060574675154562496
train_video_003_frame_007514.jpg vs train_video_003_frame_007635.jpg,0.06055100673734712
train_video_003_frame_007635.jpg vs train_video_003_frame_007688.jpg,0.08294391948727527
train_video_003_frame_007688.jpg vs train_video_004_frame_000594.jpg,0.10705476977967006
train_video_004_frame_000594.jpg vs train_video_004_frame_000799.jpg,0.537896563213631
train_video_004_frame_000799.jpg vs train_video_004_frame_000982.jpg,0.5739684851117449
train_video_004_frame_000982.jpg vs train_video_004_frame_001117.jpg,0.6889695927049568
train_video_004_frame_001117.jpg vs train_video_004_frame_001163.jpg,0.8322512674123969
train_video_004_frame_001163.jpg vs train_video_004_frame_001182.jpg,0.9090432968903951
train_video_004_frame_001182.jpg vs train_video_004_frame_001206.jpg,0.9496160301899627
train_video_004_frame_001206.jpg vs train_video_004_frame_001238.jpg,0.9749956077695114
train_video_004_frame_001238.jpg vs train_video_004_frame_001291.jpg,0.9782970652442039
train_video_004_frame_001291.jpg vs train_video_004_frame_001322.jpg,0.9706447862171965
train_video_004_frame_001322.jpg vs train_video_004_frame_001576.jpg,0.911234828787449
train_video_004_frame_001576.jpg vs train_video_004_frame_001751.jpg,0.8410444459985544
train_video_004_frame_001751.jpg vs train_video_004_frame_001765.jpg,0.8397769666825751
train_video_004_frame_001765.jpg vs train_video_004_frame_001788.jpg,0.8211286835976238
train_video_004_frame_001788.jpg vs train_video_004_frame_001815.jpg,0.8024896351606637
train_video_004_frame_001815.jpg vs train_video_004_frame_001836.jpg,0.7838074236446922
train_video_004_frame_001836.jpg vs train_video_004_frame_001866.jpg,0.7684449266849893
train_video_004_frame_001866.jpg vs train_video_004_frame_001886.jpg,0.7730800301798768
train_video_004_frame_001886.jpg vs train_video_004_frame_001903.jpg,0.7698989059453172
train_video_004_frame_001903.jpg vs train_video_004_frame_001916.jpg,0.7771024038216792
train_video_004_frame_001916.jpg vs train_video_004_frame_002017.jpg,0.6933434236574855
train_video_004_frame_002017.jpg vs train_video_004_frame_002092.jpg,0.6869288084028001
train_video_004_frame_002092.jpg vs train_video_004_frame_002244.jpg,0.6080980965299426
train_video_004_frame_002244.jpg vs train_video_004_frame_003163.jpg,0.5093199891503314
train_video_004_frame_003163.jpg vs train_video_004_frame_003208.jpg,0.49548178832816725
train_video_004_frame_003208.jpg vs train_video_005_frame_000052.jpg,0.47685828830365795
train_video_005_frame_000052.jpg vs train_video_005_frame_000142.jpg,0.5219682349208316
train_video_005_frame_000142.jpg vs train_video_005_frame_000529.jpg,0.5011843657470054
train_video_005_frame_000529.jpg vs train_video_007_frame_000160.jpg,0.33028704544089155
train_video_007_frame_000160.jpg vs train_video_007_frame_000343.jpg,0.3490763603779061
train_video_007_frame_000343.jpg vs train_video_007_frame_000674.jpg,0.32890228064259613
train_video_007_frame_000674.jpg vs train_video_007_frame_000733.jpg,0.32269107980606926
train_video_007_frame_000733.jpg vs train_video_007_frame_000838.jpg,0.2675507720368805
train_video_007_frame_000838.jpg vs train_video_007_frame_000881.jpg,0.21746304878087994
train_video_007_frame_000881.jpg vs train_video_007_frame_001116.jpg,0.22125512979539988
train_video_007_frame_001116.jpg vs train_video_007_frame_001197.jpg,0.23940932924174102
train_video_007_frame_001197.jpg vs train_video_007_frame_001340.jpg,0.26510143774628353
train_video_007_frame_001340.jpg vs train_video_007_frame_001420.jpg,0.3515348552187823
train_video_007_frame_001420.jpg vs train_video_007_frame_001442.jpg,0.5156033306721729
train_video_007_frame_001442.jpg vs train_video_007_frame_001458.jpg,0.638672706646275
train_video_007_frame_001458.jpg vs train_video_008_frame_000000.jpg,0.31291677965370807
train_video_008_frame_000000.jpg vs train_video_008_frame_000114.jpg,0.2550851988000491
train_video_008_frame_000114.jpg vs train_video_008_frame_000200.jpg,0.2671867759474696
train_video_008_frame_000200.jpg vs train_video_008_frame_000306.jpg,0.20829547737013415
train_video_008_frame_000306.jpg vs train_video_008_frame_000390.jpg,0.2297991207997622
train_video_008_frame_000390.jpg vs train_video_008_frame_000483.jpg,0.19785868322395397
train_video_008_frame_000483.jpg vs train_video_008_frame_000569.jpg,0.18727222306073063
train_video_008_frame_000569.jpg vs train_video_008_frame_000630.jpg,0.18925278439333493
train_video_008_frame_000630.jpg vs train_video_008_frame_000684.jpg,0.2232816046753391
train_video_008_frame_000684.jpg vs train_video_008_frame_000737.jpg,0.22112175522358754
train_video_008_frame_000737.jpg vs train_video_008_frame_000821.jpg,0.17844415256327112
train_video_008_frame_000821.jpg vs train_video_008_frame_000895.jpg,0.14357797004161513
train_video_008_frame_000895.jpg vs train_video_008_frame_001098.jpg,0.13363964962534458
train_video_008_frame_001098.jpg vs train_video_008_frame_001404.jpg,0.1719004539511467
train_video_008_frame_001404.jpg vs train_video_009_frame_000000.jpg,0.2608082851811403
train_video_009_frame_000000.jpg vs train_video_009_frame_000379.jpg,0.6315518609030488
train_video_009_frame_000379.jpg vs train_video_009_frame_000562.jpg,0.6911649842501901
train_video_009_frame_000562.jpg vs train_video_009_frame_000899.jpg,0.6217374631804208
train_video_009_frame_000899.jpg vs train_video_009_frame_001264.jpg,0.6023835266583635
train_video_009_frame_001264.jpg vs train_video_009_frame_001440.jpg,0.5825234145363074
train_video_009_frame_001440.jpg vs train_video_009_frame_001673.jpg,0.6078767105772446
train_video_009_frame_001673.jpg vs train_video_009_frame_002072.jpg,0.6252266202265184
train_video_009_frame_002072.jpg vs train_video_009_frame_002718.jpg,0.6022807796626539
train_video_009_frame_002718.jpg vs train_video_009_frame_002898.jpg,0.6508033164698153
train_video_009_frame_002898.jpg vs train_video_010_frame_000292.jpg,0.5219762857419955
train_video_010_frame_000292.jpg vs train_video_010_frame_000680.jpg,0.6295683218417405
train_video_010_frame_000680.jpg vs train_video_010_frame_000802.jpg,0.6630923438825522
train_video_010_frame_000802.jpg vs train_video_010_frame_001047.jpg,0.6925471250248715
train_video_010_frame_001047.jpg vs train_video_010_frame_001272.jpg,0.7077894677700179
train_video_010_frame_001272.jpg vs train_video_010_frame_002390.jpg,0.6406738145791522
train_video_010_frame_002390.jpg vs train_video_010_frame_002842.jpg,0.6975700606901132
train_video_010_frame_002842.jpg vs train_video_010_frame_003062.jpg,0.713374750896978
train_video_010_frame_003062.jpg vs train_video_010_frame_003420.jpg,0.696344643256773
train_video_010_frame_003420.jpg vs train_video_010_frame_003804.jpg,0.727989358251786
train_video_010_frame_003804.jpg vs train_video_010_frame_003986.jpg,0.7032952805187643
train_video_010_frame_003986.jpg vs train_video_011_frame_000006.jpg,0.6631474896190326
train_video_011_frame_000006.jpg vs train_video_011_frame_000170.jpg,0.7370941570845765
train_video_011_frame_000170.jpg vs train_video_011_frame_000445.jpg,0.6634143139715796
train_video_011_frame_000445.jpg vs train_video_011_frame_000888.jpg,0.5350405382179602
train_video_011_frame_000888.jpg vs train_video_011_frame_001186.jpg,0.5364367395370241
train_video_011_frame_001186.jpg vs train_video_011_frame_001317.jpg,0.56628924964071
train_video_011_frame_001317.jpg vs train_video_011_frame_001642.jpg,0.504663715105487
train_video_011_frame_001642.jpg vs train_video_011_frame_001772.jpg,0.5464490735009376
train_video_011_frame_001772.jpg vs train_video_011_frame_001917.jpg,0.49127196242058196
train_video_011_frame_001917.jpg vs train_video_011_frame_002083.jpg,0.4971582585004935
train_video_011_frame_002083.jpg vs train_video_011_frame_002687.jpg,0.40160335317571555
train_video_011_frame_002687.jpg vs train_video_011_frame_002909.jpg,0.4610140322246735
train_video_011_frame_002909.jpg vs train_video_011_frame_003339.jpg,0.44579653451632434
train_video_011_frame_003339.jpg vs train_video_011_frame_003763.jpg,0.5471421845631729
train_video_011_frame_003763.jpg vs train_video_011_frame_004321.jpg,0.6433104619590633
train_video_011_frame_004321.jpg vs train_video_011_frame_004443.jpg,0.7774903346101428
train_video_011_frame_004443.jpg vs train_video_011_frame_004649.jpg,0.7709307358576217
train_video_011_frame_004649.jpg vs train_video_011_frame_004915.jpg,0.6764364499290957
train_video_011_frame_004915.jpg vs train_video_011_frame_005003.jpg,0.696317570733971
train_video_011_frame_005003.jpg vs train_video_011_frame_005152.jpg,0.6837193817064343
train_video_011_frame_005152.jpg vs train_video_011_frame_005476.jpg,0.6648809217468955
train_video_011_frame_005476.jpg vs train_video_011_frame_005810.jpg,0.6709684455570999
train_video_011_frame_005810.jpg vs train_video_012_frame_000167.jpg,0.5968791221140368
train_video_012_frame_000167.jpg vs train_video_012_frame_000241.jpg,0.5468033079654036
train_video_012_frame_000241.jpg vs train_video_012_frame_000660.jpg,0.4709807606240969
train_video_012_frame_000660.jpg vs train_video_012_frame_001484.jpg,0.40940188724866794
train_video_012_frame_001484.jpg vs train_video_012_frame_001665.jpg,0.3334953723468828
train_video_012_frame_001665.jpg vs train_video_012_frame_001737.jpg,0.3541088970140474
train_video_012_frame_001737.jpg vs train_video_012_frame_001840.jpg,0.3132971083659419
train_video_012_frame_001840.jpg vs train_video_012_frame_001921.jpg,0.3344978299841728
train_video_012_frame_001921.jpg vs train_video_012_frame_001998.jpg,0.3635246604147406
train_video_012_frame_001998.jpg vs train_video_012_frame_002035.jpg,0.41184664997930137
train_video_012_frame_002035.jpg vs train_video_012_frame_002073.jpg,0.38580637300155063
train_video_012_frame_002073.jpg vs train_video_012_frame_002158.jpg,0.31523973612074857
train_video_012_frame_002158.jpg vs train_video_012_frame_002204.jpg,0.2553382899351185
train_video_012_frame_002204.jpg vs train_video_012_frame_002261.jpg,0.23989722254531198
train_video_012_frame_002261.jpg vs train_video_012_frame_002279.jpg,0.2687321622033699
train_video_012_frame_002279.jpg vs train_video_012_frame_002307.jpg,0.22817405093555534
train_video_012_frame_002307.jpg vs train_video_012_frame_002321.jpg,0.23187952294920386
train_video_012_frame_002321.jpg vs train_video_012_frame_002334.jpg,0.2035585207900055
train_video_012_frame_002334.jpg vs train_video_012_frame_002347.jpg,0.1772163353444664
train_video_012_frame_002347.jpg vs train_video_012_frame_002362.jpg,0.17522528647056465
train_video_012_frame_002362.jpg vs train_video_012_frame_002372.jpg,0.20424781481016263
train_video_012_frame_002372.jpg vs train_video_012_frame_002390.jpg,0.1677591519901049
train_video_012_frame_002390.jpg vs train_video_012_frame_002410.jpg,0.18316795503147626
train_video_012_frame_002410.jpg vs train_video_012_frame_002433.jpg,0.14694140105465572
train_video_012_frame_002433.jpg vs train_video_012_frame_002454.jpg,0.16235560509566224
train_video_012_frame_002454.jpg vs train_video_012_frame_002462.jpg,0.18382771777828744
train_video_012_frame_002462.jpg vs train_video_012_frame_002474.jpg,0.19908813189899965
train_video_012_frame_002474.jpg vs train_video_012_frame_002485.jpg,0.20355383146950756
train_video_012_frame_002485.jpg vs train_video_012_frame_002521.jpg,0.23175007882755752
train_video_012_frame_002521.jpg vs train_video_012_frame_002637.jpg,0.2975781601769024
train_video_012_frame_002637.jpg vs train_video_013_frame_000111.jpg,0.3099136931518175
train_video_013_frame_000111.jpg vs train_video_013_frame_000156.jpg,0.48061209160097074
train_video_013_frame_000156.jpg vs train_video_013_frame_000228.jpg,0.4871869327332158
train_video_013_frame_000228.jpg vs train_video_013_frame_000263.jpg,0.5395783968144071
train_video_013_frame_000263.jpg vs train_video_013_frame_000297.jpg,0.5593712395574958
train_video_013_frame_000297.jpg vs train_video_013_frame_000332.jpg,0.5591695793081758
train_video_013_frame_000332.jpg vs train_video_013_frame_000379.jpg,0.5665828888703478
train_video_013_frame_000379.jpg vs train_video_014_frame_000159.jpg,0.3484449889056698
train_video_014_frame_000159.jpg vs train_video_014_frame_000614.jpg,0.31369628088852675
train_video_014_frame_000614.jpg vs train_video_014_frame_000734.jpg,0.3545340890975512
train_video_014_frame_000734.jpg vs train_video_014_frame_001224.jpg,0.32486393758946297
train_video_014_frame_001224.jpg vs train_video_014_frame_001444.jpg,0.4321986513195276
train_video_014_frame_001444.jpg vs train_video_014_frame_001688.jpg,0.4885342103131372
train_video_014_frame_001688.jpg vs train_video_014_frame_001888.jpg,0.5839105686124966
train_video_014_frame_001888.jpg vs train_video_014_frame_002064.jpg,0.752287136326472
train_video_014_frame_002064.jpg vs train_video_014_frame_002299.jpg,0.6134607136910734
train_video_014_frame_002299.jpg vs train_video_014_frame_002498.jpg,0.5313208894781898
train_video_014_frame_002498.jpg vs train_video_015_frame_001785.jpg,0.3538861149755761
train_video_015_frame_001785.jpg vs train_video_015_frame_001793.jpg,0.4733318101051254
train_video_015_frame_001793.jpg vs train_video_015_frame_001846.jpg,0.4034444341374569
train_video_015_frame_001846.jpg vs train_video_015_frame_001869.jpg,0.3438995012111711
train_video_015_frame_001869.jpg vs train_video_015_frame_001908.jpg,0.27714527783816134
train_video_015_frame_001908.jpg vs train_video_015_frame_001949.jpg,0.335655834624481
train_video_015_frame_001949.jpg vs train_video_015_frame_002524.jpg,0.3311667476441936
train_video_015_frame_002524.jpg vs train_video_015_frame_002574.jpg,0.12426852669147026
train_video_015_frame_002574.jpg vs train_video_015_frame_002590.jpg,0.054083804631410035
train_video_015_frame_002590.jpg vs train_video_015_frame_002596.jpg,0.052759074149892365
train_video_015_frame_002596.jpg vs train_video_015_frame_002606.jpg,0.07758163863630516
train_video_015_frame_002606.jpg vs train_video_015_frame_002613.jpg,0.08081076851870657
train_video_015_frame_002613.jpg vs train_video_015_frame_002624.jpg,0.08417957561398996
train_video_015_frame_002624.jpg vs train_video_015_frame_002635.jpg,0.08329202219408811
train_video_015_frame_002635.jpg vs train_video_015_frame_002725.jpg,0.09156461647591756
train_video_015_frame_002725.jpg vs train_video_015_frame_002757.jpg,0.08081351311702713
train_video_015_frame_002757.jpg vs train_video_015_frame_002764.jpg,0.09535431166442816
train_video_015_frame_002764.jpg vs train_video_015_frame_002802.jpg,0.07699462964332374
train_video_015_frame_002802.jpg vs train_video_015_frame_002811.jpg,0.07675145240076106
train_video_015_frame_002811.jpg vs train_video_015_frame_002825.jpg,0.07412355681857603
train_video_015_frame_002825.jpg vs train_video_015_frame_002832.jpg,0.08021954088028435
train_video_015_frame_002832.jpg vs train_video_015_frame_002846.jpg,0.0813355548594488
train_video_015_frame_002846.jpg vs train_video_015_frame_002862.jpg,0.07587330465739746
train_video_015_frame_002862.jpg vs train_video_015_frame_002891.jpg,0.08177792225491437
train_video_015_frame_002891.jpg vs train_video_015_frame_002915.jpg,0.08041806785696348
train_video_015_frame_002915.jpg vs train_video_015_frame_002959.jpg,0.07690411616675519
train_video_015_frame_002959.jpg vs train_video_015_frame_002972.jpg,0.10884028364316702
train_video_015_frame_002972.jpg vs train_video_015_frame_002989.jpg,0.11387443840704277
train_video_015_frame_002989.jpg vs train_video_015_frame_003020.jpg,0.09443438957928123
train_video_015_frame_003020.jpg vs train_video_015_frame_003036.jpg,0.09684627551704128
train_video_015_frame_003036.jpg vs train_video_015_frame_003060.jpg,0.11062005382992227
train_video_015_frame_003060.jpg vs train_video_015_frame_003079.jpg,0.127802209020824
train_video_015_frame_003079.jpg vs train_video_015_frame_003088.jpg,0.13027707659532717
train_video_015_frame_003088.jpg vs train_video_015_frame_003101.jpg,0.14389798001173595
train_video_015_frame_003101.jpg vs train_video_015_frame_003116.jpg,0.14506410729053806
train_video_015_frame_003116.jpg vs train_video_015_frame_003124.jpg,0.16500789385956513
train_video_015_frame_003124.jpg vs train_video_015_frame_003137.jpg,0.16610473333533468
train_video_015_frame_003137.jpg vs train_video_015_frame_003148.jpg,0.16375594254647083
train_video_015_frame_003148.jpg vs train_video_015_frame_003170.jpg,0.16129829651225627
train_video_015_frame_003170.jpg vs train_video_015_frame_003191.jpg,0.16969958195134854
train_video_015_frame_003191.jpg vs train_video_015_frame_003212.jpg,0.17641062910258767
train_video_015_frame_003212.jpg vs train_video_015_frame_003220.jpg,0.19853613849930263
train_video_015_frame_003220.jpg vs train_video_015_frame_003228.jpg,0.19641855039702655
train_video_015_frame_003228.jpg vs train_video_015_frame_003243.jpg,0.17306773431935643
train_video_015_frame_003243.jpg vs train_video_015_frame_003254.jpg,0.16626549849848485
train_video_015_frame_003254.jpg vs train_video_015_frame_003279.jpg,0.14465088938032086
train_video_015_frame_003279.jpg vs train_video_015_frame_003323.jpg,0.13354781116148995
train_video_015_frame_003323.jpg vs train_video_015_frame_003334.jpg,0.1498565551262566
train_video_015_frame_003334.jpg vs train_video_015_frame_003341.jpg,0.14274094068364437
train_video_015_frame_003341.jpg vs train_video_015_frame_003356.jpg,0.13743375953283357
train_video_015_frame_003356.jpg vs train_video_015_frame_003378.jpg,0.13554524778295737
train_video_015_frame_003378.jpg vs train_video_015_frame_003384.jpg,0.14386851485467744
train_video_015_frame_003384.jpg vs train_video_015_frame_003560.jpg,0.11578074764624116
train_video_015_frame_003560.jpg vs train_video_015_frame_003951.jpg,0.2055319831489734
train_video_015_frame_003951.jpg vs train_video_015_frame_004143.jpg,0.9043984219037103
train_video_015_frame_004143.jpg vs train_video_015_frame_004179.jpg,0.9429358401770775
train_video_015_frame_004179.jpg vs train_video_015_frame_004220.jpg,0.9600671056762256
train_video_015_frame_004220.jpg vs train_video_015_frame_004298.jpg,0.9686519702649692
train_video_015_frame_004298.jpg vs train_video_015_frame_004321.jpg,0.9854955098290115
train_video_015_frame_004321.jpg vs train_video_015_frame_004352.jpg,0.9857119911407558
train_video_015_frame_004352.jpg vs train_video_015_frame_004403.jpg,0.9819732232870159
train_video_015_frame_004403.jpg vs train_video_015_frame_004425.jpg,0.9790796641750855
train_video_015_frame_004425.jpg vs train_video_015_frame_004461.jpg,0.9754323074989267
train_video_015_frame_004461.jpg vs train_video_015_frame_004485.jpg,0.9761016496810487
train_video_015_frame_004485.jpg vs train_video_015_frame_004510.jpg,0.9821193148074807
train_video_015_frame_004510.jpg vs train_video_015_frame_004577.jpg,0.9757618262090986
train_video_015_frame_004577.jpg vs train_video_015_frame_004625.jpg,0.9671439170285693
train_video_015_frame_004625.jpg vs train_video_015_frame_004734.jpg,0.9543097917496934
train_video_015_frame_004734.jpg vs train_video_015_frame_004744.jpg,0.9415032384609288
train_video_015_frame_004744.jpg vs train_video_015_frame_004756.jpg,0.9160572717750518
train_video_015_frame_004756.jpg vs train_video_015_frame_004792.jpg,0.8115059664791429
train_video_015_frame_004792.jpg vs train_video_015_frame_004810.jpg,0.7068950752124917
train_video_015_frame_004810.jpg vs train_video_015_frame_004851.jpg,0.6642816118068571
train_video_015_frame_004851.jpg vs train_video_015_frame_004869.jpg,0.6429086792195219
train_video_015_frame_004869.jpg vs train_video_015_frame_004903.jpg,0.6409417135597871
train_video_015_frame_004903.jpg vs train_video_015_frame_004925.jpg,0.6564959887547431
train_video_015_frame_004925.jpg vs train_video_015_frame_004943.jpg,0.6446432891778217
train_video_015_frame_004943.jpg vs train_video_015_frame_004974.jpg,0.6416679838074613
train_video_015_frame_004974.jpg vs train_video_015_frame_005064.jpg,0.7010042521878599
train_video_015_frame_005064.jpg vs train_video_015_frame_005114.jpg,0.8738806773773368
train_video_015_frame_005114.jpg vs train_video_015_frame_005215.jpg,0.9724169269861643
train_video_015_frame_005215.jpg vs train_video_015_frame_005325.jpg,0.970106490594071
train_video_015_frame_005325.jpg vs train_video_015_frame_005481.jpg,0.968090519794077
train_video_015_frame_005481.jpg vs train_video_015_frame_005963.jpg,0.796760831918961
train_video_015_frame_005963.jpg vs train_video_015_frame_006061.jpg,0.7565023165972329
train_video_015_frame_006061.jpg vs train_video_015_frame_006117.jpg,0.743548852901714
train_video_015_frame_006117.jpg vs train_video_015_frame_006365.jpg,0.7314222658632558
train_video_015_frame_006365.jpg vs train_video_015_frame_006570.jpg,0.6835456157345214
train_video_015_frame_006570.jpg vs train_video_015_frame_006694.jpg,0.5587758436850212
train_video_015_frame_006694.jpg vs train_video_015_frame_006784.jpg,0.5543633325867832
train_video_015_frame_006784.jpg vs train_video_015_frame_006825.jpg,0.5849359957308905
train_video_015_frame_006825.jpg vs train_video_015_frame_006861.jpg,0.554977902806763
train_video_015_frame_006861.jpg vs train_video_015_frame_006881.jpg,0.4874277088792044
train_video_015_frame_006881.jpg vs train_video_015_frame_007005.jpg,0.3620692275018807
train_video_015_frame_007005.jpg vs train_video_015_frame_007066.jpg,0.3402507383329349
train_video_015_frame_007066.jpg vs train_video_015_frame_007109.jpg,0.3588895406708528
train_video_015_frame_007109.jpg vs train_video_015_frame_007283.jpg,0.30391484319238254
train_video_015_frame_007283.jpg vs train_video_015_frame_007356.jpg,0.2369511282566494
train_video_015_frame_007356.jpg vs train_video_015_frame_007391.jpg,0.22804671602019275
train_video_015_frame_007391.jpg vs train_video_015_frame_007442.jpg,0.21972630753878378
train_video_015_frame_007442.jpg vs train_video_015_frame_007532.jpg,0.25409607626927255
train_video_015_frame_007532.jpg vs train_video_015_frame_007548.jpg,0.40380331938784986
train_video_015_frame_007548.jpg vs train_video_015_frame_007605.jpg,0.45636133433857345
train_video_015_frame_007605.jpg vs train_video_015_frame_007643.jpg,0.6589999726930128
train_video_015_frame_007643.jpg vs train_video_015_frame_007680.jpg,0.7408849570833647
train_video_015_frame_007680.jpg vs train_video_015_frame_007712.jpg,0.751238993152323
train_video_015_frame_007712.jpg vs train_video_015_frame_007728.jpg,0.7785662550374014
train_video_015_frame_007728.jpg vs train_video_015_frame_007749.jpg,0.7158621255038808
train_video_015_frame_007749.jpg vs train_video_015_frame_007758.jpg,0.717420175909842
train_video_015_frame_007758.jpg vs train_video_015_frame_007778.jpg,0.6541071207031772
train_video_015_frame_007778.jpg vs train_video_015_frame_007799.jpg,0.5703385482633851
train_video_015_frame_007799.jpg vs train_video_015_frame_007808.jpg,0.5875033617416506
train_video_015_frame_007808.jpg vs train_video_015_frame_007817.jpg,0.5824365651620975
train_video_015_frame_007817.jpg vs train_video_015_frame_007853.jpg,0.5614892360592064
train_video_015_frame_007853.jpg vs train_video_015_frame_007869.jpg,0.7054911947412763
train_video_015_frame_007869.jpg vs train_video_015_frame_007881.jpg,0.7937771014942341
train_video_015_frame_007881.jpg vs train_video_015_frame_007888.jpg,0.8644533072166357
train_video_015_frame_007888.jpg vs train_video_015_frame_007905.jpg,0.8823560052024412
train_video_015_frame_007905.jpg vs train_video_015_frame_007935.jpg,0.9062386505589548
train_video_015_frame_007935.jpg vs train_video_015_frame_007982.jpg,0.9008183984009994
train_video_015_frame_007982.jpg vs train_video_015_frame_007995.jpg,0.933044136963119
train_video_015_frame_007995.jpg vs train_video_015_frame_008008.jpg,0.9149412392151999
train_video_015_frame_008008.jpg vs train_video_015_frame_008043.jpg,0.8986906274900418
train_video_015_frame_008043.jpg vs train_video_015_frame_008056.jpg,0.8849964643636212
train_video_015_frame_008056.jpg vs train_video_015_frame_008110.jpg,0.8403730374203109
train_video_015_frame_008110.jpg vs train_video_015_frame_008118.jpg,0.8121328150398982
train_video_015_frame_008118.jpg vs train_video_015_frame_008161.jpg,0.7607669818688242
train_video_015_frame_008161.jpg vs train_video_015_frame_008186.jpg,0.7880587390104966
train_video_015_frame_008186.jpg vs train_video_015_frame_008245.jpg,0.8423343824519196
train_video_015_frame_008245.jpg vs train_video_015_frame_008272.jpg,0.8544992498198638
train_video_015_frame_008272.jpg vs train_video_015_frame_008282.jpg,0.8640108401393121
train_video_015_frame_008282.jpg vs train_video_015_frame_008294.jpg,0.843065507757094
train_video_015_frame_008294.jpg vs train_video_015_frame_008309.jpg,0.7965266693075619
train_video_015_frame_008309.jpg vs train_video_015_frame_008321.jpg,0.739262778549297
train_video_015_frame_008321.jpg vs train_video_015_frame_008334.jpg,0.6738739564097129
train_video_015_frame_008334.jpg vs train_video_015_frame_008340.jpg,0.6628899711414191
train_video_015_frame_008340.jpg vs train_video_015_frame_008352.jpg,0.6193203085211941
train_video_015_frame_008352.jpg vs train_video_015_frame_008369.jpg,0.6316638152117293
train_video_015_frame_008369.jpg vs train_video_015_frame_008397.jpg,0.6862124959392828
train_video_015_frame_008397.jpg vs train_video_015_frame_008418.jpg,0.719353500740495
train_video_015_frame_008418.jpg vs train_video_015_frame_008433.jpg,0.703963169592046
train_video_015_frame_008433.jpg vs train_video_015_frame_008442.jpg,0.6981409940679193
train_video_015_frame_008442.jpg vs train_video_015_frame_008467.jpg,0.6894445594936842
train_video_015_frame_008467.jpg vs train_video_015_frame_008480.jpg,0.6779732035053704
train_video_015_frame_008480.jpg vs train_video_015_frame_008489.jpg,0.6720016425376938
train_video_015_frame_008489.jpg vs train_video_015_frame_008499.jpg,0.6533776669559918
train_video_015_frame_008499.jpg vs train_video_015_frame_008526.jpg,0.5896079327300086
train_video_015_frame_008526.jpg vs train_video_018_frame_000229.jpg,0.16091572159609507
train_video_018_frame_000229.jpg vs train_video_018_frame_000568.jpg,0.16655858457794945
train_video_018_frame_000568.jpg vs train_video_018_frame_000704.jpg,0.180151573243192
train_video_018_frame_000704.jpg vs train_video_018_frame_001137.jpg,0.1792159795172588
train_video_018_frame_001137.jpg vs train_video_018_frame_001613.jpg,0.19574800416839688
train_video_018_frame_001613.jpg vs train_video_018_frame_001800.jpg,0.2231552565855908
train_video_018_frame_001800.jpg vs train_video_019_frame_000168.jpg,0.21196527372318358
train_video_019_frame_000168.jpg vs train_video_020_frame_000071.jpg,0.4417394432942466
train_video_020_frame_000071.jpg vs train_video_021_frame_000008.jpg,0.4348665678054551
train_video_021_frame_000008.jpg vs train_video_022_frame_000208.jpg,0.367750136481193
train_video_022_frame_000208.jpg vs train_video_023_frame_000428.jpg,0.34752027112153605
train_video_023_frame_000428.jpg vs train_video_024_frame_000018.jpg,0.5698749631845407
train_video_024_frame_000018.jpg vs train_video_024_frame_004704.jpg,0.6618863926918089
train_video_024_frame_004704.jpg vs val_video_001_frame_000231.jpg,0.37435055794581235
val_video_001_frame_000231.jpg vs val_video_001_frame_000719.jpg,0.3181338159343637
val_video_001_frame_000719.jpg vs val_video_002_frame_000056.jpg,0.35039987794051664
val_video_002_frame_000056.jpg vs val_video_002_frame_000216.jpg,0.489668132157086
val_video_002_frame_000216.jpg vs val_video_002_frame_000356.jpg,0.5047410172097692
val_video_002_frame_000356.jpg vs val_video_002_frame_000549.jpg,0.510044500093028
val_video_002_frame_000549.jpg vs val_video_002_frame_000833.jpg,0.4903723768762353
val_video_002_frame_000833.jpg vs val_video_002_frame_000837.jpg,0.5225271225794663
val_video_002_frame_000837.jpg vs val_video_002_frame_000851.jpg,0.46339885236424966
val_video_002_frame_000851.jpg vs val_video_002_frame_000855.jpg,0.5763768693786545
val_video_002_frame_000855.jpg vs val_video_002_frame_000860.jpg,0.5677927834206413
val_video_002_frame_000860.jpg vs val_video_002_frame_000867.jpg,0.5591557443071125
val_video_002_frame_000867.jpg vs val_video_002_frame_000878.jpg,0.5413824796208309
val_video_002_frame_000878.jpg vs val_video_002_frame_000896.jpg,0.5440759961409988
val_video_002_frame_000896.jpg vs val_video_003_frame_000125.jpg,0.4532179936946056
val_video_003_frame_000125.jpg vs val_video_003_frame_000158.jpg,0.6467373351575005
val_video_003_frame_000158.jpg vs val_video_003_frame_000190.jpg,0.6450114875874656
val_video_003_frame_000190.jpg vs val_video_003_frame_000313.jpg,0.6126709987770842
val_video_003_frame_000313.jpg vs val_video_003_frame_000479.jpg,0.641410023758773
val_video_003_frame_000479.jpg vs val_video_003_frame_000586.jpg,0.629755400907589
val_video_003_frame_000586.jpg vs val_video_003_frame_000730.jpg,0.7045520851150461
val_video_003_frame_000730.jpg vs val_video_003_frame_000738.jpg,0.6886822907773912
val_video_003_frame_000738.jpg vs val_video_003_frame_000807.jpg,0.657408706986059
val_video_003_frame_000807.jpg vs val_video_003_frame_000865.jpg,0.7419432236423384
val_video_003_frame_000865.jpg vs val_video_003_frame_000958.jpg,0.6871342210625052
val_video_003_frame_000958.jpg vs val_video_003_frame_000983.jpg,0.6936105011737057
val_video_003_frame_000983.jpg vs val_video_003_frame_001311.jpg,0.7326944569184026
val_video_003_frame_001311.jpg vs val_video_004_frame_000951.jpg,0.488421391407694
val_video_004_frame_000951.jpg vs val_video_005_frame_000600.jpg,0.4007539691511317
